Temperature,Salinity,Turbidity,Speedofsound,Depth,Noise,Modulation_Technique
20.49028128,30.12609038,13.84432143,1517.566504,15.03601666,72.08426976,OFDM
31.50625355,31.43734543,9.967937167,1545.401373,28.1201535,76.19314486,OFDM
20.07359653,37.46419073,24.28383715,1536.497709,748.0190841,77.49159438,OFDM
30.95132702,37.13798909,0.03306847,1552.264027,160.946836,46.61557975,PSK
5.405094061,33.58371748,0.651208787,1471.633027,59.4934612,18.75214378,QAM
33.14052874,30.66822493,38.17705204,1582.59021,2197.721873,61.13980881,OFDM
30.63587794,39.80317444,17.21731313,1625.612569,4612.805469,76.48876412,OFDM
28.67055422,30.95804912,5.690219118,1566.802105,1771.904077,20.13048624,PSK
31.63527081,33.52779037,12.72940479,1568.869952,1344.794986,54.10448034,PSK
9.153726489,30.28900694,19.46047361,1500.343066,1206.467674,20.57650082,PSK
27.07575651,35.09613528,1.977053394,1550.4815,699.6430251,50.59742139,PSK
22.55094671,32.75026071,43.00284181,1528.847741,191.5571566,13.81893101,QAM
29.25912192,38.41883921,21.90910199,1573.232275,1605.036459,16.15518242,PSK
16.72202774,38.01924506,21.86239692,1533.927507,1143.043466,51.66672203,PSK
14.92554347,35.27959411,41.64838039,1511.27234,273.1324222,16.86089157,QAM
12.73260679,30.56681299,35.06845635,1506.895228,801.1993136,10.07391569,QAM
21.63963815,38.43516404,44.38250717,1532.109428,145.234128,77.16704364,OFDM
6.038843373,33.93829329,42.08167316,1509.940433,2266.386295,20.29848742,PSK
21.81830533,32.54827368,10.96334606,1537.15629,844.5341506,45.96276201,PSK
25.34327884,35.906598,17.06992936,1554.827941,1166.799647,73.87687891,OFDM
31.31591462,30.88947597,17.17125983,1558.359471,897.4161483,45.9488814,PSK
13.28133113,37.4607742,45.85457412,1504.86346,38.81151824,35.04835438,QAM
27.37565992,39.12420095,7.318967185,1569.856247,1599.976613,49.28455871,PSK
33.713895,33.23326563,9.741088303,1552.230062,69.97317073,50.74040216,PSK
30.67429189,33.85344087,10.35104507,1568.234372,1406.09768,31.4439306,PSK
21.42641,31.92254783,33.75434282,1526.66858,298.0540526,30.58567335,QAM
22.62048682,30.15305533,43.15342809,1552.164068,1818.403288,72.13673697,OFDM
34.07145611,37.67997095,1.320211184,1569.411091,823.8554787,37.71755003,QAM
25.53906986,32.01720579,12.17321614,1534.256907,115.9401238,77.57495073,OFDM
29.52490003,39.09021535,2.194977739,1571.722605,1432.221015,27.0942463,PSK
34.29128248,39.07115458,41.05135158,1566.015506,499.7967617,79.83606414,OFDM
11.18687319,34.90293615,42.89382957,1544.252014,3136.790237,49.86871729,PSK
16.92637043,37.92380537,19.56549115,1527.089357,684.770084,53.84335408,PSK
33.48007282,32.60314547,10.62539391,1580.469486,1902.349579,49.11722559,PSK
7.767194925,30.89043858,46.32858805,1481.461183,306.3701342,12.61703609,QAM
23.33974769,31.86725747,46.06605853,1529.835152,188.3006245,28.85190571,QAM
20.85624898,39.41175025,4.371042751,1544.53517,981.1226679,62.33580692,OFDM
12.84466689,39.08017115,20.00591279,1528.167049,1462.367122,22.51518146,PSK
13.86096007,32.50587,22.91654976,1505.484659,332.2076751,36.39958504,QAM
19.84089847,32.42015536,45.32797372,1564.054735,2869.876635,61.94418005,OFDM
18.03860682,34.01364732,37.03829577,1526.373341,720.8672045,39.59729135,QAM
8.289894325,31.38750527,11.98926362,1534.983515,3487.861712,43.44642116,PSK
19.67345569,39.88201653,47.63676652,1561.343252,2196.448399,40.38638751,PSK
21.10513968,30.38175596,8.991022231,1549.954228,1916.037208,57.90881203,PSK
27.48398484,36.64818434,38.27320236,1545.054256,199.8188238,43.47531048,PSK
20.06308538,34.19815001,32.69109924,1531.810542,689.4334808,42.24037616,PSK
28.84195147,35.06273364,48.83159921,1562.795796,1228.203055,11.87866111,PSK
15.13765902,33.07946355,39.20770735,1508.452328,218.6953545,14.92620229,QAM
31.7826714,39.68730483,30.09426686,1573.576661,1227.019868,22.58593916,PSK
25.99504551,31.85288507,38.60683038,1539.57362,391.6972374,61.57019614,OFDM
12.51118938,36.29098615,21.97777321,1505.170394,305.7333278,16.59537444,QAM
32.2459576,38.14211348,46.60634808,1585.41429,2009.451774,22.23028927,PSK
13.76980889,35.87166355,43.66439307,1527.639886,1482.627016,65.36467053,OFDM
28.8158736,39.13186769,24.10744845,1556.758023,586.8433236,24.04120217,QAM
22.37111639,36.95163219,9.093853627,1545.110332,943.9654488,27.38909554,QAM
31.86446987,34.53786907,46.02328386,1552.152956,206.8655442,47.5459428,PSK
7.251976169,34.19139556,8.513596357,1481.211617,153.7079358,43.07519888,PSK
23.0944009,38.00945753,0.833640995,1613.394534,5024.056424,46.73939542,PSK
5.867803361,35.73688652,30.0502765,1477.851374,159.4006876,35.29895537,QAM
15.70599171,39.07347992,32.83481675,1522.235544,525.8153085,25.31087541,QAM
11.87194114,31.44583182,47.8361725,1508.664222,1028.784122,69.81929623,OFDM
15.57535151,35.86138839,32.99669163,1516.30433,417.7752144,14.91843694,QAM
14.36417125,32.79785398,17.47212084,1503.209735,66.10833435,58.5307092,PSK
7.084926002,36.09883396,27.28967912,1492.043024,719.7146064,43.19487532,PSK
33.48284685,32.04543974,38.06535091,1563.104247,851.7267668,62.38562425,OFDM
33.28777397,39.39445616,38.88080999,1577.011638,1281.84605,23.23411333,PSK
17.99218795,35.03607481,8.991837071,1519.961116,254.4161408,26.33771297,QAM
33.49686576,38.34962342,22.74322042,1580.461227,1538.860604,44.4839514,PSK
17.87773978,30.63452261,39.29343501,1556.740037,2893.338792,65.65204616,OFDM
11.25428592,38.27240914,2.422375722,1630.06237,8226.798301,43.83325438,PSK
13.50031728,36.70986886,24.00924199,1539.836566,2236.586373,78.72884248,OFDM
6.620424699,37.07404276,27.4023826,1487.624967,478.4754637,13.52934384,QAM
5.426277525,38.47603417,32.46208879,1530.429313,3335.767638,25.34609404,PSK
21.10380675,35.55525945,37.49493344,1530.058668,307.747594,59.08620358,PSK
11.80763292,31.07864164,24.54319042,1515.716195,1511.461904,13.05006076,PSK
16.89408629,35.19969824,46.38626749,1513.122727,17.20775151,13.7153144,QAM
14.59701047,31.03743725,24.60191474,1518.392477,1099.667579,22.22187094,PSK
10.10858249,38.58874212,32.61218023,1497.129951,144.054251,69.08627659,OFDM
16.71457745,38.88956843,23.76835473,1517.039575,25.13489271,60.50090233,OFDM
33.55010539,37.62255464,28.68664278,1557.387367,136.2126744,40.35346073,PSK
32.35878648,36.18786173,1.854940122,1578.44249,1684.298162,11.97839259,PSK
5.717705482,33.23439963,12.32799555,1485.189666,856.0646238,43.69528582,PSK
19.43514966,35.55654187,47.29239296,1521.557164,60.23876503,66.83078654,OFDM
12.55536216,33.4736634,43.39412225,1559.550128,3909.07451,37.30268696,PSK
26.61620368,30.79583053,12.02114933,1536.812431,199.2261996,19.38197493,QAM
12.91794339,32.11897975,23.37804407,1496.809408,14.25971473,25.5796356,QAM
7.422174763,31.28310249,42.52496697,1478.218336,155.775187,18.23664717,QAM
10.36347738,35.94499369,48.01588074,1492.536181,5.008343478,74.95948745,OFDM
6.126365163,34.07218661,31.81204718,1486.829379,789.5078368,16.17388886,QAM
22.46786134,34.92185954,12.814325,1529.824624,114.6706635,77.68648971,OFDM
16.49740421,32.80625291,15.6481203,1510.131733,80.52004773,53.22902749,PSK
12.1165946,33.03625907,45.63540089,1496.81605,114.4982714,40.16079872,PSK
13.72100335,30.30468883,6.745094885,1504.388092,457.778064,12.25883907,QAM
20.80963344,32.86039767,41.62542301,1528.538805,452.5155678,66.02626309,OFDM
9.884285145,32.28325931,37.57520562,1510.607781,1525.335767,35.00533562,PSK
26.01351124,32.98751461,41.67808699,1537.439501,179.0139916,57.26111037,PSK
7.369742677,38.05299827,37.59354068,1486.551702,153.5004614,65.26627894,OFDM
34.48458676,31.45077865,42.08325452,1588.847165,2378.928768,18.2002684,PSK
12.23998203,38.72530547,46.03911623,1506.832875,281.3236788,11.6768692,QAM
5.09945956,38.10587012,43.64083348,1504.142847,1804.602465,62.47525577,OFDM
8.779717662,33.37723564,6.290565479,1490.59484,442.7183896,53.48392455,PSK
21.83154912,37.90985318,3.085132381,1532.523474,176.924382,33.54816627,QAM
6.656781506,34.93015297,44.25939273,1490.025529,790.3084934,41.13454167,PSK
15.70666825,31.76197544,17.82948204,1509.995507,301.2480824,76.10480655,OFDM
16.81637422,37.02075557,42.56780977,1515.532723,48.98647189,19.83882593,QAM
10.77928947,37.62142053,22.16822614,1502.86318,429.7322403,53.43318892,PSK
17.12277169,34.12442935,18.96948658,1513.899776,101.7449197,35.30407999,QAM
28.07186342,35.46968178,4.009487441,1543.816756,119.6912292,63.19649348,OFDM
10.94763963,31.5311197,16.48637766,1495.333359,390.8779121,25.82504747,QAM
30.58230828,38.81738265,3.296476639,1551.536467,53.46325778,13.54230784,QAM
33.01946039,34.33712883,15.73061084,1560.346324,590.7288092,24.47984758,QAM
32.99854517,39.95573553,17.46848378,1558.365279,114.7483644,37.94514611,QAM
8.852650751,31.3702832,20.24432637,1481.380233,6.853568295,73.94900434,OFDM
22.36817045,32.86171974,29.82937059,1528.386758,184.5653101,29.31103113,QAM
31.22907095,36.73827938,43.57443761,1560.963288,695.6128765,58.67283086,PSK
33.76781337,30.58312463,30.70203422,1548.714718,9.891139733,59.26110663,PSK
15.51637934,38.29483672,3.402190694,1516.781511,278.7915395,56.43265437,PSK
16.18285999,31.15958478,26.25413762,1515.189737,577.9929807,57.30005155,PSK
21.76812773,34.26820569,18.5064363,1545.295361,1240.86235,41.54304418,PSK
17.42885278,32.83612973,11.55752898,1520.725733,565.4493535,79.88736224,OFDM
10.11283301,36.31491774,40.66592521,1492.864399,52.57760612,51.15965774,PSK
30.05246604,31.70356487,5.913552324,1562.818705,1287.878812,26.6100942,PSK
9.408975421,33.54624152,12.44425336,1495.87822,614.73189,57.99761329,PSK
23.65064323,31.04652153,16.28728893,1529.868342,197.8753795,56.08299952,PSK
16.15688541,31.68941286,35.74186686,1524.074172,1099.259072,10.02297939,PSK
15.76399168,31.0937505,39.98730912,1506.232666,104.2836561,70.60960716,OFDM
8.193209566,39.49179103,16.40547201,1502.802132,862.1854822,76.50596702,OFDM
27.25408121,38.56981788,47.57402039,1600.793562,3587.286784,31.03990284,PSK
10.42086866,37.65011325,19.99482353,1506.374628,725.5102774,48.74134787,PSK
8.886238196,32.42800463,14.24078935,1513.331382,1913.262488,16.72137972,PSK
17.2829213,30.37139703,33.36609902,1513.52655,322.4282354,27.5531666,QAM
8.560115687,34.45271821,10.23083715,1511.816844,1735.942272,63.06133581,OFDM
30.70163125,34.47935105,46.85121486,1562.13736,981.1131986,57.07717429,PSK
27.63584034,31.35181075,14.76247056,1558.397334,1364.850375,55.89823382,PSK
20.15257062,35.22475882,0.229909654,1534.467441,767.073055,69.7925089,OFDM
30.14178934,34.74709385,5.340059514,1558.815188,828.3178257,75.61677605,OFDM
28.69570969,39.28170552,23.26938113,1548.7416,91.8390246,11.43053804,QAM
26.86593793,36.9127225,34.35603833,1545.812645,315.9070338,50.80722424,PSK
6.005234798,37.93937599,25.55977636,1495.674308,1063.039535,49.60145469,PSK
19.91741481,36.99809946,48.38636959,1533.295807,607.7202561,65.37553145,OFDM
14.11359022,38.15613288,11.26344682,1508.045246,17.45676132,39.63821194,QAM
29.08388101,31.61134122,34.92051011,1563.980333,1496.14599,69.20607781,OFDM
9.81055382,36.66649042,4.77858851,1499.067749,480.5844404,56.61351089,PSK
12.15847103,35.75608752,42.63401038,1519.545494,1319.039088,51.0776312,PSK
14.55314691,36.09616855,28.0820539,1583.680209,4811.32568,46.44103236,PSK
9.348393056,38.45399394,37.24743056,1493.556265,101.1161912,61.52434856,OFDM
9.85300655,35.9927089,15.04531633,1523.344123,2040.623234,44.87403846,PSK
31.16329077,34.2474414,10.52509831,1559.687797,784.2013198,53.22442198,PSK
24.97054781,37.31969409,36.51865671,1543.668123,428.328327,47.37979645,PSK
12.31600498,36.23316253,45.94957947,1516.295434,1046.381739,70.10414949,OFDM
7.861177728,39.38405342,14.43903179,1490.434751,175.0845294,57.21449031,PSK
15.57482282,33.6854482,19.88377323,1519.417938,773.5316194,54.02973527,PSK
6.928129963,36.08267277,34.93090651,1500.211222,1269.347379,14.48129222,PSK
8.38393697,37.97820018,21.21170681,1522.80319,2186.940876,56.36727039,PSK
24.98589132,36.94890957,19.81597421,1541.086586,289.9705683,65.29371827,OFDM
25.23216698,39.76498072,7.411724471,1544.50652,275.8464033,60.88192301,OFDM
31.9416867,35.91521132,31.94251603,1565.280228,929.9049843,74.94924472,OFDM
7.590944187,39.90457829,9.294537891,1536.895938,3101.259315,10.39550905,PSK
24.64927828,31.92003388,26.93954247,1554.072859,1495.513552,57.61218602,PSK
27.05491074,33.88573597,39.20991739,1544.374614,401.8099335,77.74448075,OFDM
7.586472923,31.96156456,40.17953303,1494.187739,1060.614641,56.5677585,PSK
16.78896832,37.52627629,38.73065941,1563.384659,3007.799025,67.50729342,OFDM
28.92095109,31.42503534,18.5313285,1540.02365,33.24137049,62.90570447,OFDM
24.85390194,31.6596985,27.10271319,1531.51483,72.17631994,44.34619466,PSK
13.40913339,39.44177124,35.06976818,1507.686891,39.91098468,12.97910831,QAM
14.28740783,30.53650996,17.65019181,1510.515145,707.3623588,15.06158614,QAM
9.084691047,32.95692076,44.65654287,1492.920897,550.3275486,10.1357566,QAM
9.296520919,31.8062614,1.09268809,1491.293805,489.5563613,61.9865159,OFDM
5.851887342,37.23601082,2.315812169,1509.839289,2042.533693,63.55019786,OFDM
21.12261157,30.49160499,0.58595617,1522.765531,206.0330054,23.46430566,QAM
14.79170549,39.48464155,43.61505785,1527.384521,993.2357317,19.78156626,QAM
21.4903851,33.57834823,37.45967589,1527.389944,216.0262206,70.32105262,OFDM
5.643280899,30.64366885,34.48845911,1479.427841,722.4899023,21.26830744,QAM
26.90893904,37.54910332,36.47709997,1565.010292,1467.112768,34.42144522,PSK
34.79671395,31.16303271,32.26277613,1571.766815,1292.787235,41.10240999,PSK
26.83277475,37.4190151,14.93221248,1544.483555,203.6007563,29.8463402,QAM
18.02865715,31.25892746,17.10999265,1514.849051,202.0759954,30.9010415,QAM
12.559976,37.03238279,26.45952576,1509.665593,520.21213,17.22004994,QAM
20.76998093,34.25248557,48.13931246,1526.121966,209.6643022,53.7258096,PSK
5.42091816,32.60289868,45.58262989,1470.39498,56.93621431,75.84326384,OFDM
28.52451299,36.18733272,18.45528503,1563.969224,1270.260467,67.20016964,OFDM
27.67839932,35.75801266,20.00496748,1542.85161,94.43546185,64.12703578,OFDM
34.4262151,35.45549463,39.55675904,1564.271867,600.5969166,12.52736909,QAM
10.83065277,32.70804712,36.73985758,1635.287761,9073.310838,17.96118259,PSK
26.79683483,35.42719872,47.12516371,1557.629128,1163.712704,38.17403944,PSK
13.53654933,35.80700601,20.27217169,1504.214252,70.79733659,46.42749321,PSK
30.67869888,33.36263227,39.52538913,1546.528465,80.60663289,11.33303237,QAM
29.38129508,35.67275663,24.98232201,1569.612855,1542.432497,75.71042505,OFDM
10.79529348,33.63385348,6.672844535,1507.820136,1043.107121,59.10685,PSK
31.80993956,31.55902205,26.00344395,1548.910828,201.2509326,65.45239689,OFDM
6.705306528,39.39302772,47.26737324,1500.425839,1073.423228,10.62164254,PSK
5.72593853,37.62441004,47.51109832,1483.128264,373.2073409,42.92722668,PSK
17.09003567,39.87795996,39.85967118,1531.386407,780.356657,44.49443454,PSK
17.46677839,37.1431898,44.06400619,1550.540084,2108.115655,71.2321666,OFDM
11.70245924,30.83560394,45.02864256,1492.509863,102.4287088,60.23372686,OFDM
33.00806977,39.61041572,31.31454684,1569.745216,846.6791603,37.10231844,QAM
18.72734549,39.49175553,49.48962413,1561.137017,2374.875173,71.32222319,OFDM
9.657965475,35.30660046,47.75824633,1542.275981,3321.065884,17.71769329,PSK
18.12652173,34.12287207,40.66036771,1526.852787,726.959,26.13461456,QAM
5.26514605,32.7737832,18.9805832,1487.416899,1146.594549,13.93666453,PSK
21.85144856,37.71444722,2.456810138,1538.265724,546.2986041,62.6586167,OFDM
16.5052994,39.29180344,4.574397238,1538.46984,1373.888695,45.86005413,PSK
13.80830914,32.74190152,40.4932452,1502.827101,159.1390515,11.71549616,QAM
10.89597594,35.24806509,5.541117207,1508.54974,942.3409874,50.03912865,PSK
31.10318562,36.55005183,22.05851085,1556.509996,445.1180498,55.08608925,PSK
11.59792133,31.69295929,10.23777829,1526.223181,2166.647577,28.14012518,PSK
23.21647191,36.02605173,34.14790289,1544.487449,835.7022534,22.64268618,QAM
26.91375035,38.75020471,34.99770061,1560.712822,1117.457612,67.28525242,OFDM
11.918745,37.40318356,33.37743583,1502.052604,150.9148883,53.98613115,PSK
32.54534277,31.00041145,19.88734688,1559.976573,836.5529411,71.75584778,OFDM
12.30235247,38.84668178,33.88808966,1508.641884,372.1195805,77.54982488,OFDM
7.789873339,32.99245728,19.69144952,1507.917738,1788.65469,29.34732991,PSK
32.96430604,35.99322127,4.925960135,1563.747482,705.3574039,12.69519717,QAM
11.25200626,33.42765871,8.849958654,1519.770358,1705.714732,57.70864865,PSK
30.43083018,39.28204063,43.60571802,1555.591997,295.9403054,32.00826054,QAM
6.454772783,30.82916378,5.820149126,1480.484887,570.385605,17.21366255,QAM
11.4715961,31.87246491,7.550522862,1518.687835,1709.417581,74.09623552,OFDM
28.22936356,30.2421903,15.98564971,1541.448523,295.7087707,34.74476828,QAM
23.26988635,31.00586317,33.4588917,1547.029748,1333.668675,76.59630298,OFDM
32.88418516,33.99735722,17.04937823,1567.188245,1056.110346,54.3600214,PSK
10.10275579,31.2112948,17.7736317,1508.00823,1396.514707,74.16822795,OFDM
33.41985679,33.84116452,41.57768471,1551.578293,26.04299518,44.68264875,PSK
29.10378777,37.9189936,37.83060061,1549.289271,161.7242769,33.48477452,QAM
31.17587698,30.83542945,30.85707369,1553.948379,643.1686326,27.20101043,QAM
17.22854403,39.22442505,44.60216317,1548.235197,1855.825824,46.75436083,PSK
12.69435725,33.00955398,31.55507603,1504.178641,454.3093799,75.94281903,OFDM
16.04665578,30.03281473,49.91994937,1511.460099,454.2759666,52.2831571,PSK
34.13773169,36.5099102,42.91575991,1570.622449,964.9982031,14.60010918,QAM
15.67006265,33.83215151,35.86196151,1520.134958,789.0012931,73.36592966,OFDM
12.10783078,36.57724339,5.509428848,1547.353606,3005.204591,72.46728328,OFDM
14.96341362,38.68125542,23.89002435,1525.578543,906.7437304,26.7113979,QAM
24.78220387,39.04168649,12.67268328,1539.598454,84.430776,59.08780431,PSK
29.73095648,38.83802404,44.60210599,1552.332184,210.1767659,13.25589786,QAM
24.24923113,33.04875583,3.11721685,1559.931673,1845.809086,44.52561818,PSK
28.02818266,38.19575838,13.78408344,1547.233127,158.6504812,38.33477832,QAM
17.98328133,37.39581633,1.668971931,1519.065635,28.95837981,74.03263664,OFDM
7.862223177,30.60480699,28.49423214,1477.161142,37.36093655,39.82990358,QAM
32.19481736,31.69652339,29.98046716,1551.690148,317.9753394,74.65706956,OFDM
19.50764338,34.94651909,4.225300096,1542.04938,1372.047341,62.50451818,OFDM
28.49952612,30.14056946,30.1886721,1562.440547,1576.800154,70.96698804,OFDM
31.28500872,38.54331665,9.942015725,1579.267008,1716.745226,79.84202846,OFDM
30.52236259,33.25276827,19.39209029,1583.270676,2404.277076,58.31738251,PSK
9.144582007,30.13450695,40.29723311,1485.784969,310.765374,25.53804488,QAM
12.97680884,35.70365838,14.95955719,1540.587772,2466.937588,19.05661929,PSK
9.018479043,37.98675562,1.520654076,1517.682468,1720.323118,21.47276961,PSK
13.60057666,35.80112344,4.175382403,1504.743672,91.28492872,47.68563238,PSK
28.49965537,32.70446523,43.18903618,1544.678126,297.5734764,36.61046873,QAM
28.11377842,38.82427366,33.36375219,1555.176324,601.9195292,47.86555949,PSK
7.781523623,37.74520991,44.13713554,1526.427204,2572.55969,26.34917079,PSK
9.599694532,32.34114245,38.40451905,1492.033187,424.6342194,24.17489837,QAM
11.77244295,32.23006471,15.47981827,1513.644503,1301.638355,60.83433843,OFDM
29.69722645,30.55639961,24.85684242,1567.280231,1688.64776,61.93879045,OFDM
28.37078799,37.62315378,22.55101882,1561.257004,1026.73752,28.58681833,PSK
30.05611678,35.35559672,45.00164954,1557.766679,734.3911013,18.1475557,QAM
26.06979252,32.37210165,38.74349607,1538.913505,304.4021159,37.89320496,QAM
34.31349274,34.36251364,31.06430654,1557.586114,263.8150627,76.69130296,OFDM
32.72365445,34.00583182,15.97743929,1560.830708,677.6701337,55.75036072,PSK
11.59082055,37.39788702,0.572064554,1513.064509,909.312869,39.37685918,QAM
17.46303002,34.19941907,19.8237045,1514.157441,49.2965137,65.36715213,OFDM
21.75129081,38.86762247,5.227244587,1554.574631,1500.905587,33.48999306,PSK
32.12364227,32.21721699,1.153824442,1550.240346,203.0846807,12.17370059,QAM
11.09099012,32.03737967,37.50944191,1509.096036,1180.544645,69.65539221,OFDM
20.29031237,30.56775786,19.19767413,1529.479024,762.7684872,38.04246273,QAM
29.36599782,34.02281149,7.01390862,1543.621067,27.86597846,23.94183777,QAM
10.05810976,33.57127468,10.15648181,1498.572245,634.0469134,48.54207027,PSK
22.40680768,39.22955162,47.43272759,1536.55979,244.9846029,12.97200349,QAM
24.04999063,39.96810879,29.08149781,1547.468245,622.1188252,43.78862227,PSK
7.993845028,35.38579144,23.77846856,1490.861902,485.6588843,21.6226653,QAM
21.03610911,32.54890058,4.561755591,1556.536295,2186.122918,51.60610965,PSK
13.58904557,33.16477435,15.19475319,1504.236701,260.3501422,60.77721894,OFDM
21.50710917,39.63853873,36.88758247,1535.698594,306.4651641,29.59295007,QAM
14.23330009,32.76135675,45.61530327,1529.349272,1728.956709,18.32576697,PSK
12.99414177,38.74002208,43.34008723,1506.97034,132.6248678,77.96142725,OFDM
18.45184681,34.68662792,49.95007824,1519.245525,152.071291,41.51494438,PSK
31.71814275,31.64869796,35.09149927,1553.074614,467.3336892,18.75958242,QAM
24.34604932,34.06460637,24.65046503,1593.655663,3869.050262,37.45294211,PSK
19.17309569,31.99589056,38.43991404,1520.78331,313.1901713,42.04437393,PSK
7.384339154,32.28680542,45.95361424,1483.134385,392.7531039,67.97728852,OFDM
24.93375649,31.58845677,43.6168063,1531.352204,54.71952174,14.21448894,QAM
8.684936189,32.6870354,46.31164881,1488.986452,418.3005763,64.23463713,OFDM
33.33318336,36.01800706,31.82025448,1559.103782,369.7693124,40.00261153,PSK
15.42927959,38.16456231,16.36522206,1536.468156,1535.591465,33.10302217,PSK
15.23835366,30.5435321,23.56341501,1532.048725,1861.883006,60.87221759,OFDM
7.702578149,31.81354057,41.0776848,1494.12945,1040.788316,46.13299796,PSK
23.13246592,38.83769846,21.70028371,1587.726424,3356.479783,44.07260847,PSK
18.07758208,30.9858723,26.72801736,1519.577078,508.3858905,26.86139134,QAM
27.07078625,34.79012617,5.012174852,1620.478109,5095.583535,70.18602967,OFDM
20.21784092,34.95762009,4.776027991,1542.940623,1304.499859,62.71395495,OFDM
21.53970175,38.63959294,8.78080392,1530.50152,46.58760529,40.05326613,PSK
34.35829218,32.83839198,43.43405402,1560.551699,538.8862289,38.47376256,QAM
33.64021676,30.2704188,8.290712959,1605.262869,3579.116572,28.02402104,PSK
20.73090206,38.99116371,4.650299527,1562.032868,2125.222939,56.61090668,PSK
31.1995458,36.65979202,26.25583207,1552.679695,186.615707,14.23649833,QAM
14.44398148,37.33776658,6.719003412,1508.896265,66.23056584,36.02499655,QAM
33.60976303,39.43663571,38.71477577,1567.28608,634.1207862,47.57737113,PSK
23.06512372,33.53902169,6.586003871,1535.723029,484.1064627,37.3694126,QAM
5.69093476,32.25736905,14.09694555,1480.833042,668.8504313,46.61612353,PSK
34.76655084,38.92952101,39.15446941,1565.678942,434.1262436,34.38582516,QAM
20.62314483,39.64588521,23.53493348,1536.94423,528.687459,76.78027549,OFDM
20.31389001,31.38362635,48.20071359,1541.252712,1436.572038,55.44664433,PSK
8.871434875,35.89909075,5.774094309,1563.783019,4798.471849,51.06994425,PSK
18.80283658,34.61326346,33.82418306,1567.774758,3127.778682,68.57975882,OFDM
27.20153997,37.94094677,47.67278018,1545.894228,205.326034,59.96368321,PSK
24.13352232,37.00017683,38.71452992,1536.66448,138.1243244,12.79612138,QAM
12.32896345,34.359079,2.941573321,1501.852084,283.4611429,54.52689986,PSK
16.48357346,34.47472314,39.99909188,1519.151763,524.3583069,67.94145964,OFDM
5.03854574,32.18357087,38.50677438,1471.738795,272.0487504,45.7928314,PSK
10.99446658,33.71056671,35.27282436,1514.922538,1437.310254,66.460204,OFDM
12.78036276,35.42333182,33.38730359,1506.055061,370.6514974,28.10635827,QAM
6.198200372,38.84856531,41.36107749,1521.646965,2566.289117,69.24955849,OFDM
9.420372556,32.54350777,14.11242354,1495.448124,663.3217975,21.77366572,QAM
12.01103665,33.8949543,11.79601756,1526.939368,1954.293994,58.23466645,PSK
19.87764423,39.79202471,20.32560399,1528.167476,94.71883188,10.1148564,QAM
33.69619729,33.01360233,44.73484406,1556.528672,354.5068632,64.91611666,OFDM
30.42615917,35.17405817,6.339485296,1551.498171,306.5892823,21.45739134,QAM
5.494350121,32.26008413,22.60148103,1496.635028,1705.887341,52.49932333,PSK
31.09203718,31.73204424,25.94840694,1566.653275,1390.352186,46.66198847,PSK
16.94458052,37.15764687,5.624815292,1517.605656,144.7247799,34.93508247,QAM
34.74604641,30.14035846,6.671505862,1580.349637,1898.561081,13.93482611,PSK
13.86926457,33.15204479,31.63023921,1509.764435,549.4820867,56.02256353,PSK
32.54880585,31.4253189,31.60605767,1549.628153,162.4057451,39.85856928,QAM
18.19577871,34.8852153,41.98579715,1543.49002,1699.06531,31.69104824,PSK
28.14523779,31.34264546,39.7365638,1550.079871,774.1309621,52.08971621,PSK
22.79229267,37.62586763,21.86510217,1534.212106,149.0980314,24.05316935,QAM
26.5244961,37.92782472,43.98794453,1577.086401,2250.652687,45.70422419,PSK
28.34962984,39.97191555,2.55201136,1565.603723,1146.163476,75.15428818,OFDM
28.44831068,30.48567089,38.22789279,1540.781793,207.4737042,20.34162559,QAM
23.20021644,37.73869204,48.99559802,1557.134352,1510.078961,71.63611327,OFDM
26.01836046,35.27058361,5.933220948,1543.718721,416.6728943,73.21054196,OFDM
28.07048852,38.54482436,13.05256567,1556.881141,732.8110587,27.51435013,QAM
23.96334688,33.14030025,15.99998168,1536.116613,395.2660925,19.48573463,QAM
5.77716263,33.39573443,25.14222179,1509.339555,2337.586439,19.17721452,PSK
12.13154705,35.52680448,26.52994118,1518.321084,1265.673213,20.85717111,PSK
22.28806543,34.76618656,5.618723004,1528.112914,47.49246301,66.4834359,OFDM
33.75725549,39.80233582,2.540247852,1584.101692,1645.245907,70.84471305,OFDM
13.02361586,32.31330511,45.65246033,1533.495077,2270.306445,27.61093899,PSK
29.12179283,34.8671063,30.17910341,1594.9905,3215.729195,30.55346289,PSK
20.84262915,38.70998519,42.80443423,1571.855763,2740.538749,41.08476982,PSK
26.22705621,33.29533737,4.556079601,1560.586011,1573.699237,21.52890293,PSK
29.19938836,30.74900476,42.35443947,1544.910563,345.1236888,37.72821463,QAM
24.25073459,35.94234187,2.176903265,1539.005,339.1799417,66.35210199,OFDM
30.84341437,35.91700806,2.428109541,1559.776616,722.7633358,39.91687983,QAM
33.88387293,37.62746581,8.500570405,1561.31807,342.8997926,66.97057462,OFDM
20.41220879,33.72495368,28.3342442,1538.532496,1083.400731,45.86440825,PSK
27.385107,31.73330813,36.02865271,1578.083876,2605.391963,52.28047242,PSK
30.74987499,33.19282882,29.48205929,1550.867222,353.5792051,28.83929403,QAM
7.397341642,31.51313725,9.240092519,1476.007477,5.400917396,70.95689784,OFDM
11.4874822,33.37989077,21.66876302,1571.979517,4921.265267,68.00706886,OFDM
9.779874587,34.17002444,31.36423569,1517.880105,1857.058645,69.58066223,OFDM
31.91482862,30.89649145,11.05126418,1547.063245,114.8536507,66.19232499,OFDM
15.35096316,30.36027708,45.49754319,1505.852416,215.9228061,55.90089022,PSK
13.02118218,32.08896069,20.13453497,1511.429023,908.6494515,17.30502964,QAM
15.86797052,39.18201733,14.66321855,1516.331925,118.0543395,13.92198871,QAM
10.93125264,38.82682611,3.898131885,1499.578567,98.65347917,68.74599661,OFDM
20.33217815,31.02817127,22.4917883,1538.645645,1295.72807,58.32552989,PSK
15.28969087,35.5374378,25.7960123,1513.656882,331.7097548,11.56735904,QAM
10.41296486,35.76522298,29.07331662,1499.086596,417.3406495,18.04266141,QAM
23.86394975,35.08021267,5.23033696,1533.453165,110.7081286,65.52763183,OFDM
7.811610253,31.45458978,22.76379703,1477.949735,31.75984361,60.25333854,OFDM
9.239677277,35.42068712,18.2861495,1491.520735,235.0034175,21.17093549,QAM
33.76937264,38.12143604,2.091392953,1557.868858,109.606521,72.04753339,OFDM
22.61313814,31.76181881,23.30192866,1525.812513,60.63092643,12.46757018,QAM
26.55430512,31.92853862,30.27286438,1537.035242,146.110332,52.56315174,PSK
15.17374091,34.44036026,8.205519668,1515.034124,521.8807866,35.55473944,QAM
27.71809967,30.34659225,39.2955285,1572.667572,2311.901942,42.18820592,PSK
24.01415579,31.81349925,45.06251079,1530.401589,121.4060584,34.12466115,QAM
33.67067746,31.75502439,6.556646487,1582.08612,2033.800828,65.05863522,OFDM
18.22513908,39.20331144,42.99517238,1628.743167,6709.63585,46.46557884,PSK
19.15794755,36.68581214,17.44903226,1525.508251,274.5639346,59.18426606,PSK
5.59411509,37.20456636,27.66206465,1477.571939,92.41407286,47.24353091,PSK
25.53330912,38.49401396,37.84313435,1552.253236,802.496807,61.82062164,OFDM
21.87360984,36.51331731,0.634139422,1574.91481,2917.461614,34.86788207,PSK
5.67190445,33.54140057,43.11046144,1475.864176,260.1043637,79.59864041,OFDM
34.32500875,36.93366605,7.875378864,1557.156189,75.43423848,54.29520469,PSK
7.534415169,33.87712154,37.8284365,1553.484816,4627.795839,62.27013648,OFDM
18.74851367,34.59552113,1.650055119,1559.427245,2616.997238,20.37913531,PSK
34.95783593,31.92502622,20.88682047,1580.744829,1788.012643,58.84354453,PSK
10.68796996,36.56874696,25.24575629,1572.062529,4855.759135,44.23687676,PSK
24.56086109,32.78889952,12.45597561,1570.367384,2468.035554,19.51466093,PSK
14.42500269,30.25474315,1.433283872,1505.733298,401.6507339,74.68066843,OFDM
8.371201576,30.51602682,26.07508628,1508.896058,1906.612898,12.32903317,PSK
12.73655304,31.01873957,41.57891006,1509.837511,950.0058469,58.93145933,PSK
23.2646013,38.80493328,16.00129152,1573.923884,2475.624273,65.33476315,OFDM
19.21567547,36.79994436,24.09304946,1524.590113,198.9157819,17.57516905,QAM
21.08652887,37.26469442,12.88537969,1532.707236,355.5203868,54.75861973,PSK
33.30893869,30.83165216,34.09846011,1571.666354,1484.181893,64.01721395,OFDM
27.95884313,32.96944626,12.19317169,1550.046245,690.2543691,26.86784554,QAM
21.78089272,33.44512926,14.17065193,1525.800858,78.09003653,29.28185173,QAM
10.15133067,33.84508915,1.579224556,1490.216721,69.70617562,32.93272106,QAM
23.41410306,33.38110112,32.97601698,1587.756514,3691.972582,42.65795741,PSK
18.13633718,35.80085324,37.50704783,1547.144567,1871.905338,72.31128661,OFDM
21.43571378,39.0426157,16.71789959,1533.620395,230.0723717,10.79174213,QAM
29.40677356,31.55284267,3.582371616,1559.786045,1194.216212,37.59221048,PSK
34.66085245,35.63021094,28.1634815,1578.23393,1435.486034,42.59434257,PSK
22.87780082,34.8687031,40.61245,1552.131355,1447.096263,46.35477975,PSK
16.70858167,34.55860249,47.76655783,1540.605699,1816.619759,44.33741634,PSK
16.47759159,30.43293645,12.74954013,1545.968701,2498.424599,65.14906113,OFDM
18.34291514,36.66037253,22.47296182,1530.345446,722.7089525,46.30102599,PSK
34.48924402,34.23774545,20.73723176,1557.845747,267.4606791,14.26216404,QAM
17.92531444,37.54155945,25.6910774,1524.515543,369.4439735,36.31442131,QAM
34.3800919,32.18348085,44.84104917,1608.629461,3581.976625,53.2367617,PSK
9.260455611,33.68168788,14.20819511,1494.419566,547.0130067,61.71380183,OFDM
7.196575375,35.18701943,26.98006395,1517.512039,2356.940384,37.86953312,PSK
9.778848012,32.3549829,43.90407083,1499.88041,873.226263,50.88859622,PSK
29.832604,30.41336259,14.49974458,1554.840347,902.3515421,11.67928588,QAM
21.02908495,37.19293096,46.78908023,1538.655891,741.880927,55.2724198,PSK
29.54153128,32.03905988,13.8373443,1555.438215,872.6412738,75.64779378,OFDM
24.13962438,38.6350799,1.577246784,1538.610952,146.5944908,13.7144319,QAM
24.43109618,38.40811453,41.26451812,1537.442637,45.29885492,40.06565505,PSK
11.34524237,34.29396726,38.35697117,1546.855451,3311.820684,10.6709877,PSK
28.23951883,33.50224714,8.395471552,1542.260461,129.54535,64.42737189,OFDM
5.526055997,33.49610853,43.27525541,1514.404805,2709.229335,21.84115737,PSK
34.8116367,35.99216068,42.33192187,1570.399132,906.1979753,70.00345544,OFDM
26.68658057,32.01249665,39.17144928,1555.421233,1270.432086,71.42940878,OFDM
5.149782832,33.46297162,17.32941559,1473.709937,263.7755535,27.55805665,QAM
5.006215345,35.20735064,3.302253205,1496.273574,1569.971827,45.44604427,PSK
20.62553048,39.1657377,10.44116659,1530.781904,177.1690146,11.75840153,QAM
34.06151763,35.70797918,5.87222439,1555.546641,81.64120181,78.06008451,OFDM
10.43067031,34.12581409,40.68485345,1494.552078,256.6283239,56.34165457,PSK
5.678888688,35.78633738,31.04947337,1484.630258,626.1849532,15.85034121,QAM
31.73546631,36.90638326,11.05816635,1586.507676,2218.667032,14.03902835,PSK
33.15047179,32.22220924,49.57202952,1605.242927,3514.353844,10.98100335,PSK
27.29020385,36.43613957,2.516603802,1544.632442,214.5267682,44.02667005,PSK
28.6737947,34.27873241,8.532305941,1561.336074,1211.23439,75.26056447,OFDM
25.82945198,36.84948208,18.78828634,1573.601661,2205.126616,41.646303,PSK
20.83849534,37.11058396,21.69874061,1567.639782,2590.843325,11.56047778,PSK
12.94614979,32.34828652,37.1986432,1522.066983,1569.600211,47.21465743,PSK
28.0484402,31.45478914,40.45837535,1576.167552,2410.692584,21.75338341,PSK
12.53037591,34.00456723,0.539257907,1522.679548,1569.624306,69.36891225,OFDM
29.63996503,33.81622273,18.58883977,1572.518162,1811.079072,49.82196859,PSK
23.58339845,33.10441317,28.30925009,1555.328349,1657.730015,24.10768433,PSK
29.47314657,31.77405672,5.120573858,1548.371815,457.4557364,21.01201574,QAM
19.66762099,34.33070756,36.10741559,1523.27111,214.6168661,23.11863404,QAM
7.964832131,31.38546599,6.799626332,1480.376312,152.2661138,17.99941596,QAM
14.15276236,32.61302543,18.14993903,1514.612577,835.3147529,65.02149413,OFDM
32.01153955,36.19024985,21.56219807,1554.332281,219.5564719,42.74750277,PSK
30.15624577,31.73254117,11.37966834,1550.268435,487.9207431,39.57579485,QAM
14.53075959,32.10022367,19.63207555,1553.222986,3210.559772,41.65762135,PSK
29.51407327,37.0338309,19.24430882,1560.5037,866.7297308,14.81327733,QAM
23.94830931,38.83225003,32.89398794,1584.34723,3020.507627,53.86803464,PSK
23.35888336,34.90997218,22.45155015,1544.441158,887.7357403,50.55307202,PSK
30.10774074,32.07276145,24.54610211,1545.848577,195.978924,46.74060616,PSK
8.871906514,33.03724757,31.26990826,1485.721062,143.3015877,66.37603789,OFDM
10.62082854,38.25921745,45.49633192,1520.202915,1498.911466,70.62761004,OFDM
30.34807778,32.34138547,33.8290846,1559.412734,994.8051423,23.07574024,QAM
28.84597735,31.19384403,28.20386644,1567.193473,1756.785151,57.69212379,PSK
28.3714505,31.42586291,12.61471039,1542.977635,293.3195637,52.21758598,PSK
6.846491384,33.58571139,22.33870712,1478.223625,113.3192636,49.16805181,PSK
26.25929157,34.45052492,18.80805209,1573.355062,2289.28377,17.38648989,PSK
21.11064432,31.91101706,37.44775191,1581.499812,3778.804834,33.45507532,PSK
8.010367446,37.71473844,32.29929195,1490.287364,262.466007,41.0012929,PSK
14.37865891,38.3565235,42.5794731,1513.823284,310.9540191,64.72715803,OFDM
6.524856553,31.38325103,19.76908578,1477.374603,314.4822895,47.22316876,PSK
7.348556345,36.088381,41.22838301,1489.222227,480.9629559,11.11697921,QAM
14.452617,35.38055471,12.01975764,1511.364126,364.9987223,30.55248444,QAM
16.59555078,38.94628039,23.81156005,1527.031524,667.5674153,17.26811607,QAM
30.20114558,38.3351422,45.32208813,1554.45519,315.3456755,26.70469367,QAM
29.96978593,30.34426747,28.70833528,1542.191714,98.00279244,79.34440418,OFDM
17.01833074,32.14497812,28.31469186,1512.675183,189.4141799,60.84670529,OFDM
28.13205633,33.50954171,48.99837013,1555.229146,954.4199126,64.01535223,OFDM
25.17325327,33.38358201,21.19472458,1545.704462,793.3486941,44.42844509,PSK
13.32347517,35.42775889,28.45575261,1517.332272,962.8451343,25.65748106,QAM
16.81953689,33.32955686,47.74454397,1510.985192,34.5127825,49.1909666,PSK
9.500790026,31.45213795,43.5830952,1508.695678,1557.811204,39.86440232,PSK
5.264887475,32.2845345,32.2866695,1481.435431,812.1832421,10.22371252,QAM
5.800848003,35.41202176,19.53250971,1485.462705,677.7956026,32.68375324,QAM
31.09224635,33.414519,35.92210093,1573.779344,1727.492368,31.6560046,PSK
33.47274273,30.85301538,1.92752192,1556.454735,512.2655633,65.62143334,OFDM
13.81873459,33.23367318,35.2635664,1543.020769,2632.1746,13.16169716,PSK
6.555090376,31.69385316,1.822237945,1476.925374,254.1935612,32.36391482,QAM
9.784689427,35.29924107,31.04378448,1518.101119,1782.117765,17.803665,PSK
12.50825429,31.84298805,42.28446053,1506.118825,703.3711662,29.91847507,QAM
20.58982406,31.52590833,35.38892574,1525.655984,404.2588861,51.25102993,PSK
30.66510277,39.13727751,39.28591428,1584.475528,2081.097881,76.37819379,OFDM
7.234895004,32.35589178,19.41252912,1479.50177,196.3837783,51.05272698,PSK
33.81369243,33.3258304,24.61190971,1553.165734,110.8340625,75.3521188,OFDM
17.46838522,35.52145038,19.9918607,1525.298656,648.347825,56.62561209,PSK
11.12383522,33.5351616,10.84859621,1505.315743,822.0342782,38.74769857,QAM
23.4275885,31.11557275,20.36742003,1542.783135,1035.580452,24.09870736,PSK
17.97409054,31.32681877,47.77150322,1568.759321,3576.568471,16.84587693,PSK
31.13391146,32.02431108,44.16194747,1570.477258,1605.189436,18.48307223,PSK
13.17795665,33.67562341,11.19241649,1509.303307,623.2756113,52.2916554,PSK
29.53123565,30.7277238,8.84148957,1548.972699,555.5443572,78.55123051,OFDM
11.03440051,37.43690745,45.92815487,1543.608246,2935.032057,34.31839348,PSK
34.8999078,30.39259237,46.2384328,1558.366161,490.9590607,42.99052851,PSK
11.56301816,39.0384686,9.295029713,1500.871977,27.67854109,77.05792419,OFDM
12.63219002,32.29901731,8.736248965,1506.843952,687.8692089,40.42697699,PSK
11.43190358,30.73797583,20.7746859,1490.571841,47.7227505,21.49577339,QAM
17.0809817,34.03533463,21.85875844,1542.889326,1927.890966,31.69918575,PSK
15.86043281,35.32189175,19.22148882,1544.792404,2183.283669,37.69160434,PSK
29.21225197,35.94556537,15.18816811,1547.316126,153.3902546,31.4709047,QAM
5.440987535,35.24845201,26.63419433,1480.771449,487.8141205,61.61346564,OFDM
17.50609732,36.79882314,37.26622129,1531.569485,940.3476997,46.59062227,PSK
27.91021883,33.05114853,47.65515377,1543.846054,304.0911442,36.99832258,QAM
15.13742043,32.44639426,49.30679566,1517.100206,806.2649097,10.33587069,QAM
20.36206995,35.12016216,2.679887976,1573.300453,3165.865656,18.60360352,PSK
17.91169082,31.96516756,21.32886604,1543.735682,1977.753599,54.09820201,PSK
34.59902775,36.85308598,48.30534901,1567.819931,715.7016646,78.94934799,OFDM
27.80856145,31.21302441,11.54090684,1540.240949,214.9375736,35.92867739,QAM
34.01094361,36.00334621,2.789482814,1556.587306,134.0934101,25.23682195,QAM
29.15824447,30.0431771,8.786703973,1587.731856,3073.293916,63.98764505,OFDM
18.63491389,35.83484762,22.28152708,1568.030757,3085.605897,54.45193566,PSK
21.13188242,35.39521891,45.27569943,1525.846463,51.10779501,23.80862784,QAM
11.8902756,32.64715225,1.585139302,1505.671159,746.0796525,18.1009612,QAM
32.27890309,32.44476868,26.39766475,1551.568517,252.3392588,44.76702028,PSK
20.70927823,39.60467409,11.12490432,1559.184744,1907.361925,59.08243667,PSK
27.47469687,38.75358531,34.16720362,1545.124611,65.32936297,21.78090743,QAM
30.12690486,39.17188943,39.88789769,1552.834664,169.2072262,52.96417342,PSK
11.71454533,30.66829918,3.476939396,1492.769716,128.8329356,60.55421369,OFDM
11.36710143,32.53054619,8.63666259,1493.101863,82.63906301,53.89653872,PSK
29.21237975,35.0943133,14.55681181,1555.86774,743.5996229,65.0150624,OFDM
6.973719429,31.68057422,43.49308762,1498.607656,1507.596104,50.50058709,PSK
7.532281244,30.97670551,19.30388917,1509.911494,2134.229885,19.25723159,PSK
29.56554218,30.29679651,35.37010756,1544.698985,311.9502486,60.83758937,OFDM
31.08203269,37.11258432,45.54519157,1562.003636,754.9375754,13.49820439,QAM
9.007440551,34.81002494,31.04183447,1490.525602,273.7040498,12.89331256,QAM
31.63904115,39.18144773,2.783295728,1557.496985,271.8158577,21.49704808,QAM
8.77193339,37.04608057,10.23903227,1506.018489,1121.353791,20.34673373,PSK
31.38837127,32.12735141,47.31923729,1557.411162,749.4866985,48.22148597,PSK
20.31275609,35.57988432,7.870698775,1531.500535,529.0935171,74.54711088,OFDM
18.99934036,39.2776764,42.44116396,1564.987952,2583.521812,71.3777348,OFDM
34.6968587,30.75684248,6.445720314,1553.38727,180.9251204,14.63778226,QAM
7.987488178,30.24534946,34.88302645,1514.152615,2347.677386,18.73831463,PSK
9.012711918,31.8707889,40.66675746,1496.805846,894.6108668,11.88867431,QAM
12.58354093,33.68442083,39.88178495,1505.489934,508.3837185,36.94897856,QAM
20.59431534,34.15775091,21.41060538,1603.698474,5094.604595,78.05585247,OFDM
25.85334571,38.01560276,33.62026968,1541.199481,97.70585935,63.45238339,OFDM
19.95652109,33.94987562,43.83472432,1522.33137,133.0324853,44.55704083,PSK
28.66991805,38.76695527,7.047630068,1568.738835,1378.966772,67.15508947,OFDM
26.81904912,31.06124187,31.40958797,1543.156225,548.4688567,25.68473193,QAM
32.088299,30.48889351,30.84638603,1550.037117,304.8704621,64.8351511,OFDM
12.4596509,31.78276063,9.835959904,1506.651735,751.5628506,23.32252305,QAM
32.76230899,32.66156915,12.18319442,1580.523268,1988.8223,71.01489689,OFDM
31.72454027,34.19537786,36.34874562,1593.095539,2805.044708,62.73896711,OFDM
8.573467997,32.68586843,23.90125977,1497.038545,947.6945283,19.65991827,QAM
6.296626948,32.8066752,12.11262037,1485.811401,784.7551611,19.39925656,QAM
14.91953848,33.9616273,9.727822343,1512.601402,455.4708968,73.77693818,OFDM
7.2451646,37.13444741,4.49597481,1486.790819,270.8960768,71.27765407,OFDM
23.75527067,35.87081564,4.87416573,1541.93037,602.8586119,53.94930032,PSK
14.17797119,37.02607826,36.68271158,1507.860365,77.70822936,66.6530183,OFDM
7.719286856,38.40704965,20.9716658,1489.616253,234.3126052,36.29650048,QAM
19.95068961,34.24560859,26.0690186,1574.037873,3344.615501,31.07667923,PSK
25.49355506,31.8551188,16.49415488,1536.434305,269.816946,16.15570159,QAM
19.48266809,35.82490093,13.91952108,1523.019297,124.1483458,49.62763877,PSK
30.00872356,33.04806703,12.02356427,1547.917664,274.9584352,10.24030612,QAM
14.75849576,32.70592164,7.215049323,1508.59263,330.4084879,73.72020439,OFDM
11.68982076,31.04891147,38.5235704,1498.835811,484.2385948,52.12861693,PSK
28.48358269,35.67605981,35.31612189,1551.564171,534.1863456,33.54558952,QAM
6.811022894,34.7640378,26.10704228,1505.069125,1706.147496,29.78883215,PSK
30.44582065,31.60114759,45.25857652,1554.320996,711.7327196,13.15118929,QAM
30.86063622,37.88344697,45.02755777,1554.117899,240.1529079,53.44872791,PSK
31.48757525,32.32139349,18.27534537,1557.239759,713.752595,56.1789517,PSK
8.070702619,38.03490854,0.255437153,1515.298089,1786.31623,55.92461908,PSK
20.17024485,37.8388956,14.04136845,1549.863487,1540.327172,16.7179426,PSK
8.137720904,39.00864887,6.259424006,1509.045279,1303.271409,41.62333492,PSK
18.86838061,39.59400923,12.48561697,1526.247438,162.2837563,44.38754478,PSK
22.57242329,32.30212571,0.896249137,1525.941505,37.65860596,52.91814889,PSK
12.56012012,37.95233757,14.1722135,1551.743068,3080.199757,24.76952861,PSK
23.28029717,32.85773462,18.98653357,1539.476731,731.7960509,54.23335227,PSK
27.83221823,35.39376713,34.43985511,1577.113938,2238.758544,55.77328368,PSK
19.68741632,30.45542944,9.797556416,1537.369446,1369.195314,75.70883754,OFDM
16.71468437,31.72003653,42.30563156,1529.506127,1329.825071,45.08306487,PSK
16.17745845,35.20958263,14.91699183,1512.054511,84.84511797,38.51521684,QAM
34.86530366,30.0468022,48.53833955,1553.197206,193.3634108,41.46366411,PSK
25.12037921,39.79102476,5.481497765,1547.561441,481.3165413,62.44316865,OFDM
31.52931706,38.63741461,1.276919508,1565.49286,819.7852318,48.57055688,PSK
20.37467404,38.20998991,16.76167766,1528.430956,139.9533097,54.41444387,PSK
26.77047562,35.49683501,40.49550613,1542.719908,230.9652229,40.781001,PSK
5.758440713,32.20391555,33.84428343,1492.335048,1375.023029,58.24481182,PSK
20.29637226,34.57111961,18.13371902,1526.238134,274.6656399,37.94478521,QAM
31.03939983,32.64153272,8.140050988,1560.400209,947.7705146,54.00890856,PSK
26.21490372,32.58567743,45.46201066,1549.554754,933.8227841,11.77096402,QAM
8.732048121,39.81701614,33.12888688,1505.660502,891.2185102,19.83007002,QAM
11.43981412,39.825074,28.39348312,1515.754597,923.8426114,66.96150389,OFDM
6.859205279,37.51016913,41.15536102,1495.667611,888.6192359,55.7573831,PSK
16.06932698,37.65917866,49.87547635,1514.778314,95.14716879,60.42799988,OFDM
22.02934814,36.68265769,22.25719583,1542.484481,853.5107472,34.82907497,QAM
18.59508597,30.57100229,43.83598875,1534.855965,1398.935505,38.80956228,PSK
10.89186306,36.71397961,45.38900058,1502.369097,444.1598924,49.15364349,PSK
28.16692431,32.18501702,27.3446789,1571.283721,2040.630976,16.60342001,PSK
30.2355015,37.83092142,45.41317795,1550.039271,67.67678221,52.53010979,PSK
23.08787596,35.63073045,35.19714219,1533.839488,217.776577,12.60170531,QAM
21.82395854,30.46499925,31.39659943,1539.509659,1136.745903,35.34075918,PSK
13.59636703,31.39846659,26.46542752,1506.477921,531.8423297,13.06375114,QAM
27.34377435,32.37834145,36.45394456,1634.119162,6070.473851,40.46569446,PSK
20.71400271,33.57286092,22.11920539,1533.546201,731.2458505,65.59973845,OFDM
17.17513775,30.27031489,21.69900625,1539.879997,1997.171633,57.74421466,PSK
30.83145206,36.3305068,14.1317753,1584.601346,2249.161162,12.9851576,PSK
22.72393131,37.15247021,22.36694717,1537.088133,372.5443254,25.79517125,QAM
25.38017429,39.65717389,44.29240664,1579.117534,2424.838604,27.04942748,PSK
13.38380884,37.48793751,18.74047696,1508.069614,216.2464331,28.1838966,QAM
32.49283458,39.02900256,41.12355202,1567.029278,774.5047682,33.97019261,QAM
27.53149619,35.09591438,40.15489222,1589.256933,3059.198271,29.15941364,PSK
18.64235228,32.22215526,33.71478324,1537.23623,1420.095813,63.44732727,OFDM
13.11600355,35.12889727,8.508842147,1505.85416,310.7508839,24.48909838,QAM
29.94095787,34.45739539,39.82932796,1564.291231,1215.559104,65.15906983,OFDM
29.31593868,30.15548161,9.454116003,1562.927622,1494.223533,44.53142934,PSK
12.34763666,35.26865554,0.330097581,1524.112538,1601.63529,32.76729733,PSK
30.60921884,35.45843932,20.29471338,1557.385064,632.6711322,71.53667872,OFDM
10.99743223,34.66086254,21.20548138,1499.382945,392.3798616,15.05809272,QAM
33.79481174,37.25316479,42.52811588,1584.647124,1834.692057,22.22731452,PSK
11.72136626,38.59938581,15.97451042,1513.901742,841.9771394,32.57144856,QAM
19.95813845,39.74654938,18.16577799,1538.692585,742.1645979,38.92672672,QAM
27.48245852,31.98148376,46.44060227,1602.862414,4123.718603,52.85792069,PSK
9.363230652,32.78608862,45.73733872,1555.652484,4420.298219,63.79648417,OFDM
32.13481762,36.74405238,36.65028883,1566.743836,944.9573543,72.58825065,OFDM
27.10726315,33.66089305,4.018750056,1564.318567,1655.899925,10.52180409,PSK
17.84050046,35.51994875,16.87170298,1516.188272,11.05455901,26.41964096,QAM
34.57269672,31.44840698,26.43557686,1553.070332,132.7009886,38.08364702,QAM
23.88299358,30.29625645,33.32676333,1531.174807,294.618959,49.9243882,PSK
16.50932785,34.04358374,11.4084437,1513.36273,189.3299546,74.65189955,OFDM
26.98714551,36.18888052,22.70080504,1549.775672,594.966111,38.65008225,QAM
25.9356462,31.81573875,46.93648188,1541.419007,518.3110065,18.76801885,QAM
23.26644571,38.39914407,11.2030747,1535.305532,89.77615847,14.72518876,QAM
21.8035016,35.40761182,4.421704688,1575.349674,3033.557679,50.98225097,PSK
10.75382983,31.35650593,23.06135981,1488.697391,32.50356119,52.69075675,PSK
34.93894704,32.75721324,17.70047213,1554.80521,117.446066,64.7177921,OFDM
33.694487,34.52459137,47.92925946,1574.706813,1396.118543,46.74904068,PSK
21.59239236,36.70728365,14.82794512,1530.003033,142.6371135,17.08422694,QAM
15.73036888,37.75925654,26.60803736,1536.32215,1498.734043,28.57614345,PSK
18.25465446,32.20193516,39.33684141,1517.553837,261.5472837,29.89020364,QAM
11.84697103,31.29338751,24.20275098,1504.407668,779.7774036,53.87064704,PSK
11.77080012,39.81841941,38.82088931,1514.929886,802.6303022,67.41360108,OFDM
8.272876687,34.64063041,6.026876001,1525.232558,2626.823724,32.43897899,PSK
31.05844656,35.81104471,17.7593315,1552.539141,250.0954824,26.23782021,QAM
5.026531309,35.14046909,29.55255284,1490.874414,1232.750168,14.88123745,PSK
10.70712712,34.07055428,42.66364106,1497.130573,360.8185929,76.50413556,OFDM
27.75484116,37.54983223,38.73779439,1557.888202,904.6720914,30.40852628,QAM
6.165650607,30.71687269,21.23233583,1486.786321,1045.156406,71.92246975,OFDM
18.75393878,34.17482096,48.83947366,1530.471969,836.6295471,27.3651436,QAM
21.81966785,35.12071318,18.80458844,1539.273343,796.2645378,29.5087874,QAM
17.9827319,39.67327135,48.97366163,1525.15376,244.42497,14.24879253,QAM
11.52141889,39.00330865,49.08711373,1514.725057,905.0426366,28.05716584,QAM
13.08520678,33.23637291,37.71401083,1511.013352,782.5869933,37.40106625,QAM
17.19065128,31.18879485,40.95213688,1515.605653,410.0483263,79.58476562,OFDM
27.60338206,37.29164702,42.13240444,1566.394549,1474.278521,75.80750793,OFDM
29.96849816,32.45838843,9.635419312,1553.81777,687.3433584,50.04650862,PSK
16.82488767,30.8433177,29.72960657,1519.639787,756.4958886,23.54084053,QAM
27.99188047,30.26621131,1.761231773,1540.083748,242.1094028,69.71343615,OFDM
20.46839754,38.01807617,27.73633832,1534.735776,531.8980726,19.19243569,QAM
14.18754058,33.24962023,15.36362708,1515.260291,821.0846781,66.70422508,OFDM
33.09494049,35.35245778,36.28928441,1591.763356,2481.198344,28.99255042,PSK
31.71739428,30.62409622,31.67689815,1568.850052,1518.892382,48.04712861,PSK
19.59851445,31.05707263,43.24694805,1542.743801,1677.745659,65.22146787,OFDM
8.094746192,31.65425451,25.41278316,1513.055728,2142.651036,45.25791543,PSK
5.204837466,30.60664856,12.52335864,1473.668649,477.1186873,37.69943255,QAM
21.74829144,31.55762717,8.206931572,1540.196657,1115.615641,46.43844378,PSK
22.09861869,31.58865841,32.05554054,1528.183498,304.7968768,75.43009442,OFDM
19.23084514,35.27518303,19.27276791,1577.948025,3640.51332,66.5152141,OFDM
12.85256517,31.86314225,17.12915099,1551.07578,3438.99183,49.18418153,PSK
6.726874224,31.70490416,49.7875222,1481.80259,515.8288174,54.33740381,PSK
13.84198477,30.88651068,15.49175051,1504.596078,402.1591936,57.25945881,PSK
27.9999613,31.11365649,43.23452004,1547.18655,628.755034,38.97866424,QAM
28.49982778,33.20649055,28.09769737,1558.403194,1122.264177,44.98237515,PSK
19.82729051,32.15991725,43.53152158,1518.708548,56.67975242,72.21312342,OFDM
8.285447404,30.88920615,1.980180271,1488.705374,635.6818682,58.90798075,PSK
19.09295774,31.7300536,25.004652,1518.253269,188.3981604,55.25503614,PSK
7.636819559,38.91301581,32.33330803,1489.447044,203.222278,31.33830686,QAM
26.58257756,39.92009917,18.33650853,1584.372098,2564.03976,57.51016432,PSK
32.23769014,33.19325295,0.370634706,1555.309082,443.6263603,54.01884342,PSK
15.08746868,34.63111456,40.90004118,1533.41309,1673.322295,45.24164544,PSK
13.35533582,35.86110049,37.47468305,1538.17453,2226.273284,64.37210691,OFDM
32.69448454,33.61074467,45.67333143,1581.588225,2003.572138,70.67907066,OFDM
13.55793499,38.99259797,26.44694652,1527.743678,1297.227701,40.38044713,PSK
17.63323738,30.08771346,3.829852419,1511.915991,176.9116966,25.76923185,QAM
34.55295465,32.76427987,22.21290925,1553.243736,64.06238629,14.16427281,QAM
24.63756779,34.27372459,34.17643237,1537.73895,315.5579046,57.59145019,PSK
32.74231617,35.36368094,22.57649237,1555.952845,284.6063366,68.9221717,OFDM
10.5508069,30.65647065,12.91838007,1487.937472,84.23613103,76.24593209,OFDM
19.29478326,36.54069677,25.3217068,1533.846226,782.23146,76.67919164,OFDM
7.417405787,37.47859607,47.73916501,1486.688449,196.1593508,46.40884979,PSK
11.81915009,35.11146745,11.64438552,1554.955642,3653.477087,21.62604753,PSK
10.43765393,35.85064255,29.73212257,1493.934259,83.26026771,53.36251195,PSK
33.46199589,30.32237425,21.74336055,1561.303747,849.971651,71.78585737,OFDM
15.14281071,39.89780259,6.812085713,1532.423246,1209.357098,23.24469823,PSK
18.37757048,31.44169292,24.04417967,1514.586258,108.694195,73.68146572,OFDM
30.4577708,32.42374038,14.67968276,1551.857335,502.9589429,40.32986894,PSK
15.72212632,37.58412023,27.14406632,1521.376151,579.1310087,37.43937363,QAM
34.35550672,38.19222662,43.01081503,1557.271722,0.787988517,57.75071035,PSK
22.77902456,32.33522752,27.60675503,1536.416064,656.7031378,72.27997827,OFDM
15.9396899,36.71858716,19.50480964,1525.606309,865.8976595,54.11187788,PSK
7.913511211,37.5148185,45.11527929,1503.43999,1122.973588,72.37323184,OFDM
25.55500002,36.73469172,23.00744077,1544.145012,411.8273,34.35017008,QAM
29.21766416,30.94796716,47.90891984,1542.227441,161.9179975,70.42879039,OFDM
27.19949183,34.48833236,36.32229562,1601.40322,3905.385595,77.13244785,OFDM
22.04129563,30.5697665,25.99478477,1526.311609,268.5230293,13.1567539,QAM
28.36726131,32.66222851,4.004509836,1558.310743,1170.593439,17.60040841,PSK
30.22726468,33.17386709,39.9213006,1544.953115,52.8900156,44.13064015,PSK
12.63084745,30.88765696,26.23815829,1499.181372,316.3009969,79.68950623,OFDM
14.73164992,39.86415331,33.39425863,1524.420854,791.4310927,63.65997555,OFDM
29.00103305,36.24806625,21.23883099,1544.749576,1.193525868,61.58671736,OFDM
12.43158705,36.12188297,9.647752389,1578.838531,4939.509868,63.82473542,OFDM
27.56282664,34.83056159,31.45237242,1546.979722,430.1599078,59.23365432,PSK
23.09595338,37.56290051,14.79987488,1543.490462,685.7631002,72.50388118,OFDM
15.55048022,30.7910593,19.628908,1518.575041,939.859464,10.88685377,QAM
26.32112979,39.11615677,34.73327836,1548.510782,413.5757249,52.11061901,PSK
9.704423986,37.09042219,36.0412621,1491.548458,1.527439419,32.09749427,QAM
24.00910335,38.16116264,12.45927339,1537.926203,156.1156695,19.21904315,QAM
25.86620016,39.63156706,3.485038422,1541.429056,0.988059375,50.24109522,PSK
18.89194798,37.56797193,16.29266489,1530.36989,561.5896218,42.34680514,PSK
5.138263939,39.6706407,11.7173981,1483.489716,377.9868181,58.44667886,PSK
23.62867905,30.27999538,31.31270755,1566.111005,2519.385087,26.01196911,PSK
34.85868015,38.70903243,40.74017909,1561.053779,148.4336192,58.20285942,PSK
20.08865141,32.27034859,5.720499162,1519.023686,23.1093505,75.07830327,OFDM
20.9245146,39.54945546,12.32955528,1592.822486,3978.094373,64.95880878,OFDM
7.98020173,33.71666398,38.48046719,1523.783622,2677.948135,46.89574826,PSK
21.05129164,30.6882028,49.71477981,1527.277181,486.2231015,70.25083488,OFDM
14.32984676,39.86329523,1.722430598,1545.118938,2163.896058,70.21268718,OFDM
24.11958737,37.3539814,42.16739324,1538.011073,200.1073495,31.01928138,QAM
17.48435075,38.89445791,23.46696963,1521.326117,151.5022922,34.50378137,QAM
24.57249504,35.02358443,23.77422559,1605.837325,4530.294148,29.71834819,PSK
26.10582511,36.38356059,7.782551128,1571.771942,2082.256831,13.25282537,PSK
26.5023305,31.14758413,19.61595111,1538.600397,303.9538841,30.01798817,QAM
33.90992577,36.54037212,20.04765135,1593.855879,2441.513696,38.71899899,PSK
16.74377187,36.98788257,48.73482485,1576.03374,3846.226528,33.75770333,PSK
11.69446475,31.34853553,3.130167888,1496.2827,300.7577495,14.2586535,QAM
25.42436056,30.00721599,49.13867524,1545.057235,944.5053007,14.30396843,QAM
26.85915189,39.60437543,16.20468917,1546.881287,203.4117662,65.88532735,OFDM
10.89897006,32.40785226,40.5396527,1499.407313,588.8046817,29.03876086,QAM
11.49181146,36.67092776,25.08826419,1513.821661,1033.474226,78.3711442,OFDM
27.1959924,39.14791464,49.88004723,1603.839677,3747.119003,62.1253331,OFDM
17.92515066,38.16783999,37.66090788,1535.811767,1030.052837,25.96226393,PSK
8.228635645,30.99220259,12.12283302,1520.085042,2602.279758,75.59935388,OFDM
18.1253146,36.19069475,25.80077277,1533.847184,1014.572489,24.64428257,PSK
5.62012348,38.82980248,8.921678601,1491.678571,837.1903467,60.63349353,OFDM
33.93535906,30.0649138,40.35676206,1564.083636,982.7788056,52.80404861,PSK
28.84402563,35.01690873,46.17425119,1558.769761,979.3088165,25.53541118,QAM
10.86159864,35.96508165,23.0713893,1495.666948,89.51207277,54.5140017,PSK
31.38521131,30.25852467,17.72026519,1551.281009,486.6094905,17.04434782,QAM
20.44293451,38.39697193,24.46387331,1564.720391,2383.316073,40.54445424,PSK
6.011697661,33.7298054,49.89361965,1474.519842,76.02837133,74.95685203,OFDM
17.44703448,37.49567536,3.090138557,1537.160196,1249.803134,30.80137435,PSK
28.53956499,33.68696769,39.84327469,1548.308147,454.219138,23.77603021,QAM
20.88577093,36.0432142,44.57090673,1544.104042,1187.451193,64.80219526,OFDM
25.26608037,39.39614827,38.79536817,1547.299929,470.56209,56.71375288,PSK
6.503867954,30.8420748,23.54602661,1472.549515,61.22805586,53.46213671,PSK
10.32340045,30.22107595,34.24567242,1502.062558,1051.735243,66.51644655,OFDM
28.23643785,33.12230166,0.777059236,1577.331759,2347.040837,38.54877068,PSK
5.265103964,33.18316867,10.17787439,1471.527352,120.5696786,70.76017288,OFDM
13.96589165,35.06748713,41.27351154,1539.01486,2214.270603,61.35759844,OFDM
20.22655969,36.41864363,32.70680999,1528.015676,266.3110599,53.96147117,PSK
9.266278397,34.01022604,23.36957333,1492.007665,369.3216406,23.61672746,QAM
25.40280661,32.93026269,42.52416044,1542.927097,616.230108,50.15137171,PSK
27.37575606,37.94289501,39.29407827,1551.489784,530.7818733,17.39208889,QAM
6.079421907,32.74257902,2.020899099,1477.559047,328.063593,11.69040027,QAM
12.96522447,36.14845893,40.31269787,1502.847333,76.9107771,40.3820316,PSK
14.21166674,36.30871057,45.44160839,1517.404536,721.2009844,61.3288578,OFDM
24.46323084,34.7214103,29.83270256,1537.403365,290.4243357,40.71912573,PSK
30.37606299,30.3359299,35.52489667,1554.908152,839.4985807,73.02297861,OFDM
15.7196571,30.17840996,9.954976235,1514.818582,717.2238976,21.04392831,QAM
10.65727506,39.15085212,32.99801875,1509.390926,746.4641128,18.40600795,QAM
21.92597559,30.3843412,24.25029837,1538.031341,1033.069727,15.02503419,PSK
34.84869492,38.67844572,46.88380268,1611.033846,3275.197799,59.99141881,PSK
30.64545727,32.41971685,46.69354244,1547.611143,213.4660784,16.54558601,QAM
23.05408083,39.82201722,21.54448788,1538.697869,236.1170469,67.2451134,OFDM
8.202315318,37.04489514,1.080345486,1517.572935,1975.631888,73.44476332,OFDM
13.74188145,32.82038642,11.94329531,1502.754388,162.281609,27.33735203,QAM
21.00800536,32.76354371,16.69084234,1525.975714,265.6649747,14.81031405,QAM
20.65743921,31.90554382,12.14306164,1537.752017,1121.804969,52.16550208,PSK
5.028542755,39.55947951,13.7559499,1503.698571,1677.544776,40.28671355,PSK
22.73400864,30.02953241,22.38264326,1582.519369,3705.742451,43.71307217,PSK
19.93464147,36.87334408,32.08146629,1530.658017,448.8091382,57.07833834,PSK
31.03417213,36.30109482,28.86168844,1562.447243,840.8729902,65.68156035,OFDM
29.48227722,30.719065,3.530444076,1551.216369,702.9317519,32.24215292,QAM
24.25301321,36.58897942,42.19081954,1607.340993,4565.478714,69.95701439,OFDM
21.5298035,37.75177509,40.66036018,1538.73056,624.9181152,49.55087684,PSK
17.40994494,39.53873138,1.945458806,1537.633937,1137.310788,72.49671467,OFDM
8.679652401,34.11207371,6.330171129,1514.984498,1932.794989,40.84699683,PSK
8.005481369,34.22237517,3.793868917,1491.219962,596.9095325,43.60202235,PSK
20.65124458,34.78852445,33.79046241,1538.707081,978.3145617,26.95791415,QAM
8.19334792,39.62600921,35.53976269,1495.213602,377.3167834,12.15439785,QAM
11.56619364,38.40852931,10.09079536,1503.455428,236.6723478,38.0667551,QAM
24.30595387,32.15400051,44.8282345,1539.849047,643.2609623,17.09054615,QAM
5.050452543,32.93585179,8.578190601,1521.430736,3314.11838,19.87405273,PSK
18.56288851,34.9406757,9.456955114,1530.1891,797.8300222,10.11204712,QAM
16.11662389,38.28287132,32.31847903,1519.619604,342.8235405,41.21137993,PSK
27.97773705,36.69903107,7.855645368,1563.267358,1266.810423,61.80949374,OFDM
6.109254885,30.05829057,38.78367175,1492.826271,1489.395498,45.95473984,PSK
27.55313244,36.22477337,15.69148501,1549.168923,475.5807763,56.16180527,PSK
9.330264036,34.19298078,19.4235974,1517.630861,1941.885456,40.09526741,PSK
6.23612985,36.71703474,19.93819932,1479.943276,120.7444036,17.68358846,QAM
5.826881612,31.94881253,43.43068698,1472.448326,135.3431545,76.84153791,OFDM
19.35309351,38.11773716,44.13321414,1548.552422,1578.221582,60.78535407,OFDM
33.68052827,30.4815976,21.89669015,1583.965161,2229.905454,11.5616424,PSK
28.54106661,33.12340767,44.86918883,1560.535763,1255.385584,28.02724485,PSK
33.46394292,38.40984954,35.8796727,1577.413849,1348.440162,29.1115642,PSK
15.91121695,34.70302392,46.20079504,1512.390473,194.0981249,42.52255585,PSK
28.6104614,33.43322976,2.989904652,1556.358715,964.4321512,55.56790453,PSK
30.79922638,30.72547128,3.502082782,1551.360842,537.2320229,51.71677948,PSK
25.20015738,35.43110453,18.73716797,1538.601919,206.1769173,68.68135937,OFDM
26.32285656,32.19144128,28.02936195,1539.237683,299.783478,31.83651511,QAM
28.91897075,31.470817,21.66911774,1560.307059,1298.21778,72.88541448,OFDM
33.80167263,30.48289685,41.70288166,1622.187248,4604.135969,17.14067123,PSK
31.71516609,34.2504422,23.95614182,1570.353967,1381.344691,48.93777534,PSK
28.72314135,35.19574577,21.73173653,1562.616304,1224.227945,48.43231751,PSK
22.04866845,33.5060196,15.29723604,1569.350775,2751.805,51.29184742,PSK
19.60986658,35.06371539,1.017096786,1539.491076,1186.001138,71.65296881,OFDM
24.23002047,37.36528927,43.64373471,1562.743397,1728.359558,41.11007867,PSK
17.77726037,37.23565788,42.7799676,1518.251473,26.88554802,47.84898146,PSK
13.4351777,37.79738294,19.8791829,1515.179798,626.8600648,69.27808706,OFDM
28.32948068,32.90426727,49.95378915,1559.017452,1203.982268,36.72528597,PSK
32.88574671,37.37975813,2.195361054,1571.231467,1094.867415,69.93385475,OFDM
10.04896705,32.65507576,44.62842736,1493.469761,388.174063,71.93596628,OFDM
13.17178531,33.52845995,12.48655031,1507.422646,518.1263987,26.17493732,QAM
16.24956624,38.75138065,2.463656127,1554.424037,2458.570797,61.81261315,OFDM
7.117552476,32.55830713,15.83406185,1483.308374,446.7138832,22.50193217,QAM
16.09793849,39.22127993,39.15222939,1537.711662,1407.955105,62.09754877,OFDM
10.08214313,31.50068531,30.77630082,1506.668078,1295.001177,68.491259,OFDM
9.760137709,36.81559902,16.24289515,1494.49483,194.5116616,72.13706603,OFDM
30.11112697,35.76451342,23.55263571,1567.968968,1338.350183,25.13699808,PSK
29.1065535,34.56106061,41.12754215,1551.625387,527.5081931,41.09362106,PSK
28.57917199,30.42981116,14.78538615,1568.683254,1936.87146,25.85194512,PSK
12.44997266,33.71781194,29.95601541,1566.912928,4372.938778,22.1901046,PSK
20.21233068,30.0174845,39.24191491,1521.694937,328.9145306,61.50805592,OFDM
25.3529005,32.10120612,22.67599716,1533.42448,86.06614772,73.7335928,OFDM
33.28890966,31.58451586,36.78705774,1559.139582,656.3029182,37.21906203,QAM
29.16393512,34.35833288,29.19167557,1554.986189,743.1738127,75.81098419,OFDM
25.17820134,33.34099911,8.286034663,1545.739178,797.6729696,36.7617365,QAM
26.84709642,37.84276773,0.208416925,1553.079852,710.4762821,27.90979773,QAM
7.946430135,36.13217242,9.637615298,1488.732359,304.9460189,46.82520716,PSK
19.5624858,35.05206715,49.61957143,1524.494824,257.7969183,53.07476486,PSK
25.38038099,34.9758491,22.68786122,1541.671133,402.2108652,17.61019943,QAM
14.91375263,37.21307113,25.00423236,1513.327399,259.9881396,39.41420089,QAM
9.845620716,39.79729708,37.96392945,1518.868235,1467.315208,13.35190745,PSK
8.315593855,30.93173231,20.78555836,1496.330937,1101.801858,75.47715969,OFDM
34.21225385,30.61878882,44.14808815,1606.680479,3577.460462,63.45771918,OFDM
30.78778326,39.58823314,42.91609529,1552.497243,38.02919092,30.27196608,QAM
24.11563867,36.78632288,2.984339373,1555.225985,1315.624427,30.41856942,PSK
33.70941098,31.04426773,21.76184873,1565.686288,1048.729144,29.62881093,PSK
25.6107937,37.0929331,44.97173803,1576.22655,2384.502317,36.40125041,PSK
33.57577212,36.47067212,45.42650955,1565.266451,697.9666924,51.39942145,PSK
14.28529602,39.59502063,24.99217974,1517.438615,462.7352135,18.49864494,QAM
9.245864607,30.16028633,6.667610806,1484.740827,220.0068348,26.23772124,QAM
25.57809494,37.34901433,26.75753918,1546.465023,511.8230294,32.38556871,QAM
28.20477555,36.50181102,2.183885123,1543.588687,19.00705594,29.13466663,QAM
26.12258241,32.35081981,15.81870305,1546.003094,741.1887758,36.08090074,QAM
7.706882573,37.24256201,19.14929698,1502.62347,1142.102577,35.73993161,PSK
5.058396355,34.53432719,45.01195882,1470.922321,26.49466622,60.10911449,OFDM
28.52208115,38.19682641,46.42059934,1558.636116,804.795988,68.16960778,OFDM
32.32314618,30.5000978,47.25260735,1595.863094,3138.854819,21.82366239,PSK
22.67173599,31.85918647,24.01865206,1538.848668,859.1384514,12.76828731,QAM
10.70997285,35.69680627,32.82045864,1509.809711,1027.323767,10.63440803,PSK
8.042330514,31.05762477,35.99050535,1486.255166,527.0418447,47.34432312,PSK
33.70416402,35.71190035,27.10259105,1584.19251,1913.4077,35.2304298,PSK
32.71256755,38.58233984,32.37505049,1555.147636,34.109779,69.1334222,OFDM
31.12904013,36.20916537,24.5414862,1589.888923,2549.97965,52.05362202,PSK
17.91855706,32.55411212,40.14914242,1517.923321,320.4913772,67.03885087,OFDM
16.09645887,38.64783615,46.42381907,1541.665699,1697.617923,26.09170031,PSK
26.24915212,32.66373372,1.124692172,1536.829944,128.2624914,34.32889226,QAM
33.83857572,36.55432144,20.25311965,1557.45735,174.0122254,59.42294252,PSK
8.365690956,30.06295731,4.52020989,1515.221844,2338.853831,66.47750225,OFDM
12.04175263,35.46937372,19.94950316,1499.316022,101.2724897,11.72018978,QAM
27.50108002,30.03545506,26.07517399,1541.087327,389.6724301,10.25235783,QAM
27.16987706,32.38194796,36.42699809,1538.714104,132.1356138,44.76023027,PSK
26.94464612,37.1670888,38.93445982,1542.747711,96.25543167,44.17605107,PSK
26.24468781,37.7410252,27.12719301,1547.216511,436.1339123,51.35561798,PSK
17.47316661,38.63521539,41.71193323,1542.01187,1465.272327,67.5372017,OFDM
9.314607857,36.74970907,28.61436422,1490.84354,72.01581731,28.61059086,QAM
16.21987401,33.10721423,11.73595081,1554.718692,2898.046718,73.50045269,OFDM
11.63317855,37.71335346,40.97443949,1525.236907,1636.917641,37.30938202,PSK
10.77828809,36.43231387,47.49828986,1495.89161,85.80482779,42.62319971,PSK
30.42649411,36.03457639,31.14042098,1548.58521,68.78187764,38.1388091,QAM
19.34937911,31.47899365,46.56483031,1559.782038,2756.424747,67.32531352,OFDM
28.08951473,36.28337114,42.7858068,1552.639785,614.8504225,42.90902861,PSK
32.76782154,33.49640289,14.2857779,1575.796194,1639.887171,34.86238163,PSK
31.14585535,38.75772744,20.78512681,1561.549433,612.8217027,18.33482846,QAM
17.05414196,35.35180864,3.924601462,1514.027684,32.82407989,28.0615472,QAM
10.89432391,39.94271311,37.96329799,1500.805363,97.46790803,46.52076942,PSK
12.7062035,30.3628891,33.79068486,1497.896292,259.8125094,72.75247763,OFDM
14.79708095,32.69721552,16.99893696,1507.12712,231.7761943,74.96206166,OFDM
34.01921648,37.22991591,26.60626589,1619.245942,3972.653205,27.11439384,PSK
27.81833124,37.82682936,10.4819792,1545.982625,133.5020447,22.46778561,QAM
27.31771597,39.34340909,38.32136998,1562.674132,1144.450186,23.8654099,PSK
31.11088395,36.36700944,7.824178503,1576.410079,1699.679408,29.87029731,PSK
33.27349197,32.00945263,27.31844294,1564.963797,995.4312337,70.12143145,OFDM
5.131651892,38.86820016,32.4669517,1508.260821,1992.469328,74.29527946,OFDM
18.31777043,38.14082517,8.808498909,1532.532041,756.8259884,35.77364644,QAM
15.81721763,35.86643546,48.13242049,1513.897993,220.4600623,35.27012303,QAM
9.752549684,31.71708694,5.004407423,1495.25943,639.9255985,11.05506106,QAM
17.36867042,35.61473609,40.54176944,1527.782839,815.1487569,31.05506036,QAM
25.04674853,31.00580509,37.76971493,1555.863937,1609.228767,26.09663968,PSK
18.05040768,31.93140996,4.346338421,1532.212576,1234.571055,61.90499497,OFDM
12.35687113,38.10677798,7.487812652,1511.380837,588.1844459,17.84175979,QAM
19.59998937,37.20517547,7.65109317,1527.345507,275.5031453,41.15362499,PSK
6.743993362,37.533501,29.2090947,1489.100572,504.1686736,35.85166372,QAM
31.30624021,35.07339182,48.5538582,1579.85103,1973.339231,10.48613381,PSK
34.28529516,39.84814917,4.489005721,1566.429793,477.9435351,52.64538469,PSK
19.57291813,33.631326,35.49750634,1520.022379,78.06340699,21.57811323,QAM
29.00390627,33.91388659,20.78334518,1577.77638,2218.161296,26.48560942,PSK
33.16476818,38.79054281,44.60948968,1557.22031,97.25992089,24.36209366,QAM
28.77780852,33.14446194,42.61301529,1551.099643,631.9752548,67.34643978,OFDM
14.65269984,31.14366354,34.46864894,1508.893462,486.8585926,15.73362354,QAM
27.92097428,39.74440746,1.068271895,1581.953245,2240.53479,79.33009616,OFDM
20.7454671,30.35633157,30.64451728,1541.781394,1468.299408,45.09789261,PSK
5.459581343,32.50949668,40.54067405,1478.9315,588.1826912,67.50937641,OFDM
18.8736396,30.00061643,40.13548196,1528.759843,1008.675409,11.98156793,PSK
21.0405364,32.1008242,35.39054315,1536.976826,994.5443139,78.28077722,OFDM
10.71233253,32.08007185,46.9892023,1502.05332,820.7176779,58.05929155,PSK
26.42760758,34.31549144,41.9845945,1551.040429,879.3816956,11.82395133,QAM
30.33581303,32.5770085,36.97797196,1552.429708,544.7020189,71.84824788,OFDM
6.448427157,35.97925954,20.83349751,1490.403132,781.2854418,77.11273224,OFDM
9.92198872,36.14020183,49.99257364,1495.208409,255.2361242,13.87770613,QAM
21.98405866,33.62196887,9.020075937,1532.015662,420.8019211,32.17233264,QAM
16.03406828,37.46215457,34.65466634,1538.038387,1570.109358,55.73675967,PSK
18.64150176,33.56799281,25.83713582,1521.773345,356.784914,45.64572958,PSK
16.67044718,37.80216748,22.48237045,1519.100211,241.8491316,51.02963503,PSK
28.74564297,30.186486,49.32912326,1541.997156,262.0287017,48.20750175,PSK
7.785919472,30.46118901,5.215639136,1480.342733,265.8359728,32.04723512,QAM
24.97168536,35.79750604,27.83933152,1564.864167,1856.638386,13.50359402,PSK
15.71999463,33.55814228,0.880408777,1598.50101,5697.462814,11.73193582,PSK
32.42801083,37.74114786,15.06031135,1569.443115,1014.846936,15.36655568,PSK
22.93584222,39.24721693,34.16431635,1582.972597,3061.531843,75.88554283,OFDM
26.87312742,31.29062405,47.65553896,1547.92466,823.3190716,75.81131141,OFDM
22.33995605,38.06565278,47.91896575,1595.740967,4035.613612,53.13793115,PSK
27.15950846,31.95562235,2.274555323,1549.418249,831.0902163,56.56195691,PSK
17.95366144,39.91085097,42.21321172,1540.545036,1194.340399,34.42164971,PSK
29.31463032,32.54045695,0.605205498,1553.622924,756.812451,58.10154136,PSK
20.06039275,38.65466591,41.36418304,1530.731809,305.1172061,47.54254571,PSK
10.54144886,32.68083647,28.41643416,1498.64283,599.2116117,69.53362932,OFDM
20.62181701,33.30602816,21.38531993,1561.053712,2485.001363,17.20337943,PSK
23.97348673,34.15815669,11.69991416,1540.006302,566.804343,48.97990278,PSK
5.790546998,35.79581519,28.16395661,1480.284865,325.9941228,63.53511743,OFDM
34.66812269,36.97556106,37.65688118,1569.706447,818.166014,13.37392373,QAM
33.12649605,38.07613417,28.19692518,1573.237732,1147.866931,73.54168186,OFDM
11.80870177,30.59582749,42.11843881,1578.558803,5475.76596,60.90774429,OFDM
10.23305832,34.61672033,19.19694231,1505.499042,946.8716398,65.89164222,OFDM
24.25992524,31.27121397,6.471987847,1541.639642,822.8279895,17.21021855,QAM
9.855661617,38.54854438,9.175347443,1501.449868,473.3286407,70.78823252,OFDM
19.78490283,34.19159265,9.414221913,1535.464535,966.2929836,56.802084,PSK
33.77801029,38.23224104,40.85778275,1556.983646,46.34353031,47.75429476,PSK
15.13239253,32.24404873,31.45589835,1555.772977,3239.338803,20.48638531,PSK
14.00571336,38.23662566,7.456630006,1513.251215,358.3270898,57.73934935,PSK
8.978163805,37.56893629,29.9777737,1497.877796,524.3777636,56.61265279,PSK
34.87058884,30.18885369,44.37632951,1561.570119,707.2512746,38.92946738,QAM
30.69797785,39.72517188,27.68953019,1600.256387,3025.330093,57.44454434,PSK
32.83926839,32.90285545,45.26156497,1556.483125,461.672086,59.49257402,PSK
8.705980175,30.48972809,35.87639302,1515.001325,2211.389492,64.91372113,OFDM
5.264317445,34.81965251,11.38274968,1485.060935,834.9471876,44.02276377,PSK
9.270105363,37.49033162,20.52745245,1508.872807,1151.220638,19.08564087,PSK
17.93610671,35.77349265,11.14657439,1520.330138,234.1677187,23.8219419,QAM
34.99765949,31.09906212,39.47552583,1557.050716,353.6397045,72.01917326,OFDM
27.07513145,37.23020912,25.29520734,1559.120835,1097.07373,65.83292325,OFDM
26.37045494,39.04944317,10.68441194,1568.018267,1630.299696,71.3165643,OFDM
30.1544301,34.73158228,39.13820728,1576.706427,1945.88606,36.81609943,PSK
5.162861479,34.82268614,47.55199482,1474.753673,216.1925322,12.60775711,QAM
30.87485815,36.17007053,15.47159626,1562.964125,901.6927564,75.94726283,OFDM
14.44030935,32.14745076,16.70113397,1506.460615,302.5751763,75.87596678,OFDM
16.40254035,38.42605027,10.97763391,1524.591692,589.2920561,15.08690884,QAM
12.38428585,31.84006592,21.19591691,1500.937127,406.0591258,50.70950615,PSK
19.19934296,32.49665571,2.880822538,1553.04178,2288.755842,22.36825992,PSK
15.00917291,30.09378506,2.121395441,1514.462063,841.7129065,42.89703263,PSK
30.62314092,31.44174277,5.812056492,1559.000312,991.3672503,76.11417768,OFDM
29.04578593,34.07557507,17.03612513,1554.472285,745.4188593,25.76559322,QAM
12.06495332,39.92611857,41.93802703,1504.689398,92.53857046,77.48879168,OFDM
15.44165131,39.93480872,11.91301466,1531.097126,1066.348823,33.50071265,PSK
23.223835,35.5615483,8.071207356,1556.966131,1646.627195,18.56303104,PSK
32.66406282,31.86511635,33.30504947,1558.108228,650.3359931,30.22238722,QAM
11.98425052,35.566785,6.577201033,1504.201976,411.4332476,77.56472534,OFDM
20.16669691,31.34327475,40.35956646,1545.094555,1705.00542,65.46916409,OFDM
23.67300545,34.260814,32.47810179,1532.177062,117.003408,39.79630462,QAM
11.52129434,37.2743044,7.678952838,1508.546495,651.2628677,30.57141934,QAM
10.50351692,38.27260498,10.03597532,1499.847031,251.3165467,69.30277235,OFDM
11.96828013,36.10607909,19.1793773,1523.486108,1578.955004,66.74499812,OFDM
9.19302233,31.46014787,13.02383939,1488.318531,354.4653842,65.74159621,OFDM
17.88951095,35.88742707,10.85509953,1525.40105,551.2800534,39.61909958,QAM
32.48204572,32.69945729,8.684278712,1559.554847,710.2384842,50.17517208,PSK
7.207276034,31.02189123,38.03221939,1478.763509,262.6491754,44.71893146,PSK
15.9186341,37.03287597,25.07854148,1537.955096,1618.517589,54.60705183,PSK
14.9058327,30.76816888,20.10257323,1505.815852,271.785325,21.77721501,QAM
13.21831003,39.00424867,2.964002296,1562.021569,3507.561107,51.78351906,PSK
6.730668366,34.15813342,19.85289238,1494.63378,1121.707716,32.16805923,PSK
14.66108264,34.05791182,27.1240371,1517.143401,783.4317703,77.41477518,OFDM
6.854298313,34.20923395,44.73107192,1485.041256,487.9686688,47.49407754,PSK
29.12323675,39.45904251,7.599770026,1566.527643,1135.615762,38.2880235,PSK
15.93486256,36.89332466,1.561187608,1569.728312,3611.549238,44.19656452,PSK
10.46635896,39.11337169,22.92543056,1521.913868,1573.730071,48.90483706,PSK
13.18821644,38.09049307,17.89680924,1518.548562,865.6236532,21.80518897,QAM
12.05537951,31.01679645,32.11970302,1540.075069,2985.175321,55.94281197,PSK
23.94734203,38.0110449,23.93743176,1609.910203,4674.825031,33.18916739,PSK
10.44006291,33.96736991,2.929005256,1490.398309,7.166343699,47.74137412,PSK
25.37834468,32.16021446,15.62975679,1546.924466,921.9949559,36.65940889,QAM
13.39154507,36.49386996,27.13762379,1557.915023,3404.942078,10.35392038,PSK
19.59300932,32.66991864,33.36501494,1529.599201,741.8521592,79.53926424,OFDM
7.648077852,37.79833386,41.0146606,1488.519918,230.6498258,25.75447289,QAM
25.78744402,35.80659425,6.618160966,1543.309632,388.5048292,31.33352115,QAM
9.60686337,36.69443401,39.41348417,1496.773882,380.8423192,42.87772357,PSK
31.60001329,37.35733235,48.49419593,1558.492306,455.5229497,64.00093474,OFDM
30.44973498,36.9787456,41.81966667,1555.489665,436.230583,63.56622612,OFDM
27.43058019,38.37399583,39.68281808,1565.917464,1396.227033,72.12649416,OFDM
7.391666479,34.11702324,21.36540533,1489.904742,669.3062594,59.74900391,PSK
31.26209898,31.53203681,5.034286043,1574.531638,1873.815607,77.59861164,OFDM
25.02723328,38.95512478,21.36383604,1550.633764,743.8962834,17.43513243,QAM
9.374494267,39.92067401,42.64478237,1525.163714,1956.448428,69.73181949,OFDM
27.45258794,31.45395992,5.584576978,1549.744294,843.1938866,62.89506473,OFDM
34.75156535,35.57918192,42.14151406,1560.130097,296.8207816,76.58512541,OFDM
17.98160147,35.70432423,35.69562799,1554.137727,2343.91908,41.61672716,PSK
7.299476476,37.11242054,49.72099715,1484.263234,101.6833386,30.33011925,QAM
22.11462912,30.28793126,0.89762631,1529.580044,480.4094082,10.95614741,QAM
8.746387143,36.2081741,17.55071352,1502.173565,952.5204021,10.3400996,QAM
32.1037756,34.69472693,19.0085101,1552.692413,201.0323789,41.01189881,PSK
